,author,created_utc,num_comments,score,selftext,subreddit_id,title
0,KuramaReinara,1588303976,15,1,,t5_1zqfgn,NEW STORY Death is the only ending for the Villainess
1,PeachBlossomBee,1588357979,14,1,"Or at least with a genuine grudging/resentful lead, like in To Be You, Even Just For A Day, a little less so in The Villainess Reverses the Hourglass.

I like stories with characters trying to outwit each other, backstabbings and assassinations, etc but I only see them in stories with romance heavy plots. 

I was enjoying Empress of Another World, (since at first there were minimal feelings, a wily villain, and a morally grey character) but after a while there were just too many uncomfortably gratuitous descriptions that got in the way of the intrigue. 

I‚Äôve accepted that there‚Äôs likely going to be romance regardless, but still, any stories where there‚Äôs less sappy parts and more political intrigue?",t5_1zqfgn,Any novels/manga heavy on the politics and light on the romance?
2,tahlyn,1588366693,27,1,"The [Old](https://www.reddit.com/r/OtomeIsekai/comments/f3inx9/updated_ist_of_otome_isekai_titles/) Sticky Thread ran into a small problem; we've reached the 40K character limit and I cannot add any new titles to our ever growing list of series!  

The Solution? The subreddit [Wiki page](https://www.reddit.com/r/OtomeIsekai/wiki/index) and a new sub-page just for **[The List of Otome Isekai Series](https://www.reddit.com/r/OtomeIsekai/wiki/series)**  With a character limit over 500,000, it should take us quote a while to reach it. 

This also presents a new opportunity - a place to start listing translated Novels.  I do not read the translated novels and so I do not track them, nor care to do so... but if one of our community members would like to volunteer we can also start keeping a list of **[Translated Novels](https://www.reddit.com/r/OtomeIsekai/wiki/novels)**

If anyone would like to volunteer to be a wiki contributor please let me know and I can approve individuals for wiki privileges!",t5_1zqfgn,Otome Isekai Wiki and the List of Series
3,Herwaerts-over,1588445722,4,2,"*Otome Game no Hametsu Flag shika Nai Akuyaku Reijou ni Tensei Shiteshimatta...*, episode 5

Alternative names: *HameFura, My Next Life as a Villainess: All Routes Lead to Doom!*

# [Rate this episode here.](https://youpoll.me/35715/)

---

**Streams**

* [Crunchyroll](http://crunchyroll.com/my-next-life-as-a-villainess-all-routes-lead-to-doom)

**Show information**

* [MyAnimeList](https://myanimelist.net/anime/38555/)
* [AniList](https://anilist.co/anime/104647)
* [AniDB](https://anidb.net/perl-bin/animedb.pl?show=anime&amp;aid=14449)
* [Anime-Planet](https://www.anime-planet.com/anime/my-next-life-as-a-villainess-all-routes-lead-to-doom)
* [Kitsu](https://kitsu.io/anime/otome-game-no-hametsu-flag-shika-nai-akuyaku-reijou-ni-tensei-shiteshimatta)
* [Official Website](https://hamehura-anime.com/)
* **/r/Otomegame**

---

The /r/anime discussion is here: https://www.reddit.com/r/anime/comments/gcadxg/otome_game_no_hametsu_flag_shika_nai_akuyaku/",t5_1zqfgn,[New Episode] - Otome Game no Hametsu Flag shika Nai Akuyaku Reijou ni Tensei Shiteshimatta - Episode 5
4,tahlyn,1588428895,1,1,,t5_1zqfgn,[New Chapter] - Beware of the Villainess! - Chapter 20
5,Herwaerts-over,1588440503,8,1,,t5_1zqfgn,[new chapter] The Villainess Reverses the Hourglass - ch. 15
6,tahlyn,1588428844,10,1,,t5_1zqfgn,[New Chapter] - Death is the Only Ending for the Villainess - Chapter 3
7,tahlyn,1588456299,0,1,,t5_1zqfgn,[new chapter] - to be or not to be - chapter 21
8,[deleted],1588440418,0,1,[deleted],t5_1zqfgn,[new chapter] The Villainess Reverses the Hourglass - chapter 15
9,tahlyn,1588454158,8,1,,t5_1zqfgn,[new series] - I became the Villain's Mother - Chapter 1-3
10,tahlyn,1588428876,1,1,,t5_1zqfgn,[new Chapter] - Miss Not-so Sidekick - Chapter 100 &amp; 101
11,Herwaerts-over,1588471075,11,1,"**(This post doesn't really contain any spoilers, but it does contain discussion about events from chapter 54.)**

So to keep this short: chapter 54 concludes the ""busting the slave trade"" plot-line, and it contains some of the weirdest dialogue I've thus far read in any of these series:

[Entire scene in a strip.](https://i.imgur.com/uLTS8gH.jpg)

Page-by-page transcript:


[pg. 1](https://i.imgur.com/8ced1Lw.jpg)

&gt;**Prince:**  
*We can't just let [the slaves] go.   
They are also at fault for surrendering themselves.*

[pg. 2](https://i.imgur.com/EsIxuwH.png)

&gt;**Prince:**  
*Do you want to release them?   
We can do whatever you want to do.*

[pg. 3](https://i.imgur.com/t3Mbg4C.png)

&gt;**Protagonist:**  
*We still have to give them punishments. How about forced labor?*

[pg. 4](https://i.imgur.com/qdCZZsL.jpg)

&gt;**Prince:**  
*I agree with you.   
Putting them in jail won't have any effect.*

[pg. 5](https://i.imgur.com/XsfVYXD.jpg)

&gt;**Prince:**  
*If they did labor, they can help us with the agriculture business.   
They can also experience the feeling of working like a normal person.*

[pg. 6](https://i.imgur.com/opDswln.jpg)

&gt;**Protagonist:**  
*That's a generous and assertive move.   
Your highness is very smart.*

I'm sure I don't have to explain his flawed logic to you, but just to sum it up: they talk about punishing slaves for surrendering themselves, and the punishment they come up with is forced agricultural labour. While I'm no expert on slavery, that sure sounds like slavery to me.    
And keep in mind: while the prince might've been indoctrinated with this misunderstanding about what slavery entails, the protagonist is a modern Korean girl who loves to rag on the prince with thought bubbles. Yet somehow, she doesn't see anything wrong with this.    


My theory is that the author thinks that slaves are only used for sex and sadistic abuse, as is often seen in manga and manhua alike to either muster sympathy or to build up a villain. Even though - historically - slaves were *primarily* used for agricultural work. 

Someone should link the author [this article](https://en.wikipedia.org/wiki/Penal_labor_in_the_United_States#Prison_Labor_Post-13th_Amendment_\(1865%E2%80%931866\)), because it sure sounds oddly familiar.

-

Anyway, I just wanted to put this out there. I don't really care about the opinion of the author on slavery, but I thought this scene was funny/interesting enough to share.",t5_1zqfgn,[very mild spoilers] Slavery in Justice of Villainous Woman (What It Takes to be a Villainess) chapter 54.
12,tahlyn,1588520463,6,1,,t5_1zqfgn,[New Chapter] - Survive as the Hero's Wife - Chapter 68 - Season Finale!
13,tahlyn,1588478015,6,1,,t5_1zqfgn,[New Chapter] - Beware of the Brothers! - Chapter 32
14,Hydrarifle,1588483223,23,1,"I've recently started down the rabbit hole of isekai manhwa/manga &gt;.&lt; but I'm starting to get tired of the predictable plots and tropes of a lot of the popular ones... Does anyone have any reccomendations for similar titles to the following:

Monster duchess and contract princess
Miss not so sidekick
Remarried empress
To be you, for even just a day
The villainess reverses the hourglass
Charlotte has five disciples
Death is the only ending for this villainess
This girl is a little wild",t5_1zqfgn,Looking for isekai manhwa with more dramatic/intense plot
15,soheee__,1588598916,0,1,"was reading some manhwas and in the credit page of the scan group i found these two girls, who are them? the photo under this",t5_1zqfgn,who are these girls?
16,ivy606,1588618073,0,1,This manga needs more love - [https://mangakakalot.com/chapter/wf921285/chapter\_1](https://mangakakalot.com/chapter/wf921285/chapter_1),t5_1zqfgn,Fantasy Bishoujo Juniku Ojisan to Manga
17,blubb90,1588634681,4,1,"Hey guys I need some help. I read a manga some time ago and I really can‚Äôt remember the name. There are only a few chapters..
The plot was something like this:
Girl gets reincarnated into a game (or a book I can‚Äôt remember) but not as the villainess or heroine but the ‚Äòchubby‚Äô friend of the villainess who was part of her entourage. After the reincarnation she loses weight and befriends the crown prince (I think) and his friends and they enter the academy where they meet the heroine. The crown prince is in love with our main girl it she doesn‚Äôt know (the usual)

Hope you can help me. I really want to read this manga",t5_1zqfgn,Manga Name Help!
18,soheee__,1588598960,3,1,,t5_1zqfgn,who are these girls in the photo?
19,tahlyn,1588630841,3,1,,t5_1zqfgn,[new chapter] - Endo and Kobayashi‚Äôs Live Commentary on the Villainess ‚Äì Chapter 09
20,tahlyn,1588630753,3,1,,t5_1zqfgn,"[new chapter] - To Be You, Even Just For A Day - Chapter 17"
21,tahlyn,1588553697,0,1,,t5_1zqfgn,[new chapter] - The Villainess Will Crush Her Destruction End Through Modern Firepower - Chapter 17
22,tahlyn,1588553775,3,1,,t5_1zqfgn,[New Series] - Princess Blue Rose and Rebuilding Kingdom Chapter 1.1 and 1.2
23,blogheaded,1588623009,0,1,[https://mangadex.org/chapter/879467/1](https://mangadex.org/chapter/879467/1),t5_1zqfgn,[New Chapter] - Akuyaku Reijou ni Narimashita - Chapter 4
24,tahlyn,1588553515,4,1,,t5_1zqfgn,[One Shot] - The Kind Older Sister is No More- 1 chapter
25,tahlyn,1588630901,1,1,,t5_1zqfgn,[new chapter] - The Holy Grail of Eris - Chapter 9
26,tahlyn,1588630798,5,1,,t5_1zqfgn,[new chapter] - I became the Villain's Mother - Chapter 4
27,Heronic_Birdwatcher,1588572543,36,1,"I need help. I've gone through pretty much all reincarnation/isekai titles I could find (like actually over 40 titles). 

Favorites:

* Common Sense of the Duke's Daughter
* The Villainess Reverses the Hourglass
* Dr. Elise/Queen with a Scalpel
* Who made me a princess?

I've been disappointed by a lot of series and I noticed that the ones I like tend to have the following characteristics:

* Strong and clever female MC
* MC's main goal is not romance/plot is not driven by romance (generally not a fan of using a pretext to marry the Duke to survive/thwart deaths/avoid marriage)
* Actually uses skills/knowledge of previous life to advantage
* Serious/more mature tone and realistic handling of events
* Setting is not a magic academy/high school

Does anyone know of manga that might fit these traits? It can be any manga, otome isekai or not. Would appreciate recommendations!",t5_1zqfgn,Recommendations for new manga
28,tahlyn,1588553812,4,1,,t5_1zqfgn,[new chapter] - The Villainess Reverses the Hourglass - Chapter 16
29,tahlyn,1588715223,3,3,,t5_1zqfgn,[new chapter] - I became the Villain's Mother - Chapter 5
30,tahlyn,1588713658,1,3,,t5_1zqfgn,[New Chapter] - The Evil Lady's Hero - Chapter 11
31,tahlyn,1588713681,0,2,,t5_1zqfgn,[New Chapter] - Villainous Princess - Chapter 14
32,tahlyn,1588713730,3,2,,t5_1zqfgn,[New Chapter] - Death is the Only Ending for the Villainess
33,tahlyn,1588713704,0,2,,t5_1zqfgn,[New Chapter] - The Youngest Princess - Chapter 25
34,tahlyn,1588642644,7,1,,t5_1zqfgn,[new chapter] - Lady to Queen - Chapter 15
35,lnosuke,1588664517,6,1,Does anyone happen to know where i can read a translated vers. of the novel for the manhwa??? it looks so good but i wanna read on &gt;.&lt;,t5_1zqfgn,Death is the only ending for a villain
36,tahlyn,1588713754,5,1,,t5_1zqfgn,[New Chapter] - Milady Just Wants to Relax - Chapters 9 and 10
37,mikaela-_,1588647575,5,1,"Hi! I've been reading a lot of otome isekai and I really like ones that focus on shenanigans between the female lead and villain(ess) instead of romance development. Does anyone have recommendations for manga or novels similar to the following?

\- Lady to Queen

\- The Villainess Reverses the Hourglass

\- Cheating Men Must Die

\- Remarried Empress

Honestly, anything with revenge would be cool. Thanks!",t5_1zqfgn,Looking for manga/novels recommendations with revenge
38,NightingalePledge,1588668950,10,1,,t5_1zqfgn,This reply just cracked me up.
39,madreloidpx,1588696824,14,1,"...and now when reading the manhwa Oscar's charm completely disappeared because of how pathetic he is and extremely disgusted with Cain.

&amp;#x200B;

I think the Mielle's death is a good conclusion for the story, but it partly feels anti-climatic because of how the princess died and the whole aristocratic purge. I'm really happy how Aria felt how a family feels like at the end though.",t5_1zqfgn,I just finished reading the novel of The Villainess Reverses the Hourglass
40,tahlyn,1588779994,1,1,,t5_1zqfgn,[new chapter] - This is an Obvious Fraudulent Marriage - Chapter 41
41,tahlyn,1588779487,8,1,,t5_1zqfgn,[new chapter] - Death is the only ending for the villainess - Chapter 6
42,tahlyn,1588799173,6,1,,t5_1zqfgn,[New Chapters] - Death is the Only Ending for the Villainess Chapters 7 and 8
43,SunRae2726,1588794809,7,1,"I really love how she was manipulative and successfully got her revenge. The magic is also a plus. So, I want some recommendations for a mc who is not the typical ‚Äúgood‚Äù girl and doesn‚Äôt just shows her true emotions like ‚Äúbeware of the villainess‚Äù, but manipulative/acts differently than what she thinks in order to trick people.

Thanks in advance.",t5_1zqfgn,MC similar time Aria from ‚ÄúThe villainess who reverses the hourglass‚Äù?
44,tahlyn,1588799237,1,1,,t5_1zqfgn,[New chapter] - Virtues of the Villainess - Chapter 12
45,tahlyn,1588725550,5,1,,t5_1zqfgn,[New Series] - Wish to Say Farewell - Chapter 1
46,tahlyn,1588805260,0,1,,t5_1zqfgn,[new chapter] - Living as the Tyrant's Older Sister -Chapter 55
47,selfloathing_egotist,1588788519,22,1,,t5_1zqfgn,"[New Series] I'll Become a Villainess That Will Go Down in History ‚Äï The More of a Villainess I Become, the More the Prince will Dote on Me"
48,ChampionOfKirkwall,1588885688,36,3,"Basically, I'm looking for any story where the heroine doesn't land into the vaguely-fantasy-european-nobility setting. I know this setting is heavily intertwined with this genre, but I feel that if I read ""duke,"" ""baron,"" ""count,"" ""viscount,"" or ""marquess"" one more time, my brain is going to dissolve.

I'm desperate for anything. Could be otome, isekai, reincarnation, novel, traveling back in time, etc. I'll even settle for a story that take place in this setting but focuses away from the nobility, like a story focused on commoners. 

Any suggestions would be greatly appreciated! Thank you!",t5_1zqfgn,"Non ""european royalty"" setting recommendations?"
49,sablie,1588885753,4,3,"I was reading this on an app and then sadly lost all my data so ...

Basically the FL is an engineer who works on building this VR system and wrote the entire world, and then when she tries it out herself, she gets stuck. She initially wakes up and gets taken by a slaver, breaks out and then kidnaps the local duke (?) and convinces him to hire her as an engineer? 

I really can‚Äôt remember the name at all, so any help would be appreciated",t5_1zqfgn,Looking for title name help!
50,SenpaiShubham,1588866199,1,3,,t5_1zqfgn,My next life as a Villainess Episode 6 preview trailer and stills
51,Hydrarifle,1588869802,16,2,"I was just wondering if there are any manga or manhwa where both the ML and FL are from another world? Could be each from different worlds or both from the same world. I think that would make a really interesting story... but I have yet to find any like that so far. 

The closest one I can think of is Goodbye in law, where both MC travel back in time and work together",t5_1zqfgn,Manhwa where both ML and FL are isekai‚Äôd?
52,tahlyn,1588820836,0,1,,t5_1zqfgn,[new chapter] - Sincerely: I became a Duke's Maid - Chapter 47
53,tahlyn,1588820854,6,1,,t5_1zqfgn,[New Chapters] - Lady Baby - Chapters 73-76!
54,[deleted],1588882240,1,1,[deleted],t5_1zqfgn,Official guide to villainesses
55,tahlyn,1588895277,6,1,,t5_1zqfgn,"[New Series] - My Lady, Please Become My Heroine! - One Shot Promotional"
56,tahlyn,1588895336,0,1,,t5_1zqfgn,[new chapter] - Virtues of the Villainess - Chapter 13
57,NightingalePledge,1588949811,16,2,"https://webnovel.live/manga/beauty-and-the-beasts-comics/

This is one of the very, very few true reverse harem stories that I have seen so far. I‚Äôm actually surprised that so few people talk about it. That being said, does anyone know where I can find spoilers for this series?",t5_1zqfgn,[Not really new series] - Beauty and the Beasts
58,tahlyn,1588975503,2,1,,t5_1zqfgn,[New Chapter] - The Duchess' 50 Tea Recipes - Chapter 36
59,tahlyn,1588896157,4,1,,t5_1zqfgn,[new chapter] - I Became the Villain's Mother - Chapter 6
60,tahlyn,1588975523,0,1,,t5_1zqfgn,[New Chapter] - To Be or Not To Be - Chapter 22
61,tahlyn,1588896180,0,1,,t5_1zqfgn,[New Chapter] - Remarried Empress - Chapter 15
62,tahlyn,1588896139,0,1,,t5_1zqfgn,[new chapter] - Yandere Otome Game - Chapter 28
63,tahlyn,1588975423,5,1,,t5_1zqfgn,[New Chapters] - I became the Villain's Mother - Chapters 7-12!
64,Evogamer224,1588978941,11,1,,t5_1zqfgn,Saw this ad on YouTube. What is Katarina doing there?!
65,tahlyn,1588975463,0,1,,t5_1zqfgn,[New Chapter] - The Evil Lady Will Change - Chapter 17
66,tahlyn,1588896861,8,1,,t5_1zqfgn,[new chapters] - Remarried Empress chapters 14-17
67,Herwaerts-over,1589063249,10,1,"*Otome Game no Hametsu Flag shika Nai Akuyaku Reijou ni Tensei Shiteshimatta...*, episode 5

Alternative names: *HameFura, My Next Life as a Villainess: All Routes Lead to Doom!*

# [Rate this episode here.](https://youpoll.me/36419/)

---

**Streams**

* [Crunchyroll](http://crunchyroll.com/my-next-life-as-a-villainess-all-routes-lead-to-doom)

**Show information**

* [MyAnimeList](https://myanimelist.net/anime/38555/)
* [AniList](https://anilist.co/anime/104647)
* [AniDB](https://anidb.net/perl-bin/animedb.pl?show=anime&amp;aid=14449)
* [Anime-Planet](https://www.anime-planet.com/anime/my-next-life-as-a-villainess-all-routes-lead-to-doom)
* [Kitsu](https://kitsu.io/anime/otome-game-no-hametsu-flag-shika-nai-akuyaku-reijou-ni-tensei-shiteshimatta)
* [Official Website](https://hamehura-anime.com/)
* **/r/Otomegame**

---

The /r/anime discussion is here: https://www.reddit.com/r/anime/comments/ggjpou/otome_game_no_hametsu_flag_shika_nai_akuyaku/",t5_1zqfgn,[New Episode] - Otome Game no Hametsu Flag shika Nai Akuyaku Reijou ni Tensei Shiteshimatta - Episode 6
68,SunRae2726,1589052507,13,1,I‚Äôm looking for strong mcs that are kinda underestimated and so end up beating(?) the other people (either physically or psychologically). Basically they kinda do whatever they want and don‚Äôt allow other people to stop them?,t5_1zqfgn,Recommendations for manhwa/manga that have mcs like from ‚ÄúBeware of the Villaness‚Äù and ‚ÄúMay I ask for one final thing?‚Äù
69,tahlyn,1589061489,2,1,You must be a member of the sawateam discord to get access to this series/chapter.,t5_1zqfgn,[new chapter] - Justice of a villainous woman - Chapter 111
70,tahlyn,1589061515,0,1,,t5_1zqfgn,[new chapter] - Sincerely I became a Duke's Maid - Chapter 48
71,tahlyn,1588992931,0,1,,t5_1zqfgn,[new chapter] - The Great Wish - Chapter 15
72,tahlyn,1589066157,1,1,"*Otome Game no Hametsu Flag shika Nai Akuyaku Reijou ni Tensei Shiteshimatta...*, episode 6

Alternative names: *HameFura, My Next Life as a Villainess: All Routes Lead to Doom!*

# [Rate this episode here.](https://youpoll.me/36419/)

**Reminder:** Please  use spoiler tags for spoilers from the manga.

---

**Streams**

* [Crunchyroll](http://crunchyroll.com/my-next-life-as-a-villainess-all-routes-lead-to-doom)

**Show information**

* [MyAnimeList](https://myanimelist.net/anime/38555/)
* [AniList](https://anilist.co/anime/104647)
* [AniDB](https://anidb.net/perl-bin/animedb.pl?show=anime&amp;aid=14449)
* [Anime-Planet](https://www.anime-planet.com/anime/my-next-life-as-a-villainess-all-routes-lead-to-doom)
* [Kitsu](https://kitsu.io/anime/otome-game-no-hametsu-flag-shika-nai-akuyaku-reijou-ni-tensei-shiteshimatta)
* [Official Website](https://hamehura-anime.com/)
* **/r/Otomegame**

---",t5_1zqfgn,Otome Game no Hametsu Flag shika Nai Akuyaku Reijou ni Tensei Shiteshimatta... - Episode 6 discussion
73,tahlyn,1589061543,9,1,,t5_1zqfgn,[new chapter] - The Evil Sorceress Plans to Survive - Chapter 8
74,tahlyn,1589136461,4,9,,t5_1zqfgn,[new chapter] - Who Made Me a Princess - Chapter 72
75,tahlyn,1589136781,5,7,,t5_1zqfgn,[new chapters] - Seduce the Villain's Father - Chapters 17-20
76,tahlyn,1589136815,4,5,,t5_1zqfgn,[new chapters] - The Stereotypical Life of a Reincarnated Lady - Chapters 7-13
77,xXAngelsXx,1589145819,10,3,"I recently read Inso's Law and became instantly hooked so i'd like to read another with a similar setting. School doesn't have to be the main focus (like in Hamefura) but i'd prefer it. 

Thanks in advance :) Sorry if i'm a little too vague.",t5_1zqfgn,Otome Isekai with a school setting?
78,KuramaReinara,1589084079,2,1,,t5_1zqfgn,[NEW SERIES] The Inner Palace Tale of a Villainess Noble Girl
79,tahlyn,1589081114,4,1,,t5_1zqfgn,"[New Chapter] - To Be You, Even Just For A Day - Chapter 18"
80,Hiphopopotamus5782,1589069876,3,1,,t5_1zqfgn,Rankings for this week's user voted best anime pairings (guess how many of the top 10 are Bakarina's)
81,tahlyn,1589078418,4,1,,t5_1zqfgn,[new series] - Diphylleia‚Äôs Plan to Coup manga - Chapter 0
82,tahlyn,1589078364,0,1,,t5_1zqfgn,[new chapter] - Priscilla's Marriage Request - Chapter 11
83,tahlyn,1589078989,4,1,,t5_1zqfgn,[new Series] - Glass Wall - Chapters 1 and 2
84,FellowOfHorses,1589211609,9,8,,t5_1zqfgn,Death Is The Only Ending For The Villainess - Chapter 9
85,tahlyn,1589237460,2,2,,t5_1zqfgn,"[new chapter] - Reiko's Style: Despite Being Mistaken for a Rich Villainess, She's Actually Just Penniless - Chapter 3.3"
86,Hydrarifle,1589193836,15,1,"Hi, I just finished binge reading Remarried Empress to the latest chapter (after discovering the manhwa) and I love it so much!! I‚Äôm so devastated that they‚Äôre stopping translations :(( Does anyone have any recommendations for similar romance/drama novels that frequently updates? I know of Lucia and You‚Äôve Got the Wrong House, Villain which I‚Äôm currently reading. Doesn‚Äôt have to be transmigration/reincarnation",t5_1zqfgn,Similar novels to Remarried Empress?
87,angellelle,1589235410,4,1,,t5_1zqfgn,Stumbled on an announcement - this ad might actually be legitimate but region locked?
88,toastminion,1589185604,14,1,"This is probably kinda weird, but I recently read ""The Vengeful White Cat Lounging on the Dragon King's Lap"" and I honestly love how cute Ruri was as a cat. I also read a few other Isekais where there were familiars and beast-kin, so I was hoping that ya'll are familiar with more manga that have either really cute animals, or beast-kin. :) 

It doesn't have to be otome or isekai at all! I'm just in the mood to look at art of cute, fluffy (preferably magical) things. ;~;",t5_1zqfgn,"Recommendations for manga with cute animals, familiars, or beast-people?"
89,alicemayhz,1589190954,28,1,"Or just any games, if you haven‚Äôt played any otome games before.

I am now reincarnated into the world of Dandelion. Nothing have changed (my life is similar to the MC- a busy college students who doesnt know what to do with life) but now I can date my pets! I‚Äôm going to start dating my tsundere rabbit.",t5_1zqfgn,You are now reincarnated into the last otome game you have played.
90,tahlyn,1589250136,1,2,,t5_1zqfgn,[new chapter] - The Villainess Falls for the Notorious Noble - Chapter 1.2
91,tahlyn,1589250160,0,2,,t5_1zqfgn,[new chapter] - This Is an Obvious Fraudulent Marriage - Chapter 42
92,tahlyn,1589250225,0,2,,t5_1zqfgn,"[New Chapter] - I Was Reincarnated, and Now I'm a Maid! - Chapter 4"
93,tahlyn,1589325793,5,1,,t5_1zqfgn,[new chapter] - Inso's Law - Chapter 52
94,tahlyn,1589325810,4,1,,t5_1zqfgn,[new chapter] - Beware of the Villainess! - Chapter 24
95,KuramaReinara,1589327660,7,1,,t5_1zqfgn,"[NEW SERIES] I Reincarnated as the Hero's Childhood Friend Who Was the Losing Love Interest, so I Changed Jobs to Alchemist."
96,tahlyn,1589402516,0,1,,t5_1zqfgn,[New Chapter] - E-Rank Healer - Chapter 12
97,tahlyn,1589402497,3,1,,t5_1zqfgn,[new chapter] - Holy Guardian Tiger - Chapter 8
98,tahlyn,1589401677,2,1,,t5_1zqfgn,[new chapter] - The Monster Duchess and Contract Princess - Chapter 57
99,tahlyn,1589337126,7,1,,t5_1zqfgn,[new Chapter] - Beware of the Brothers - Chapter 33
100,KuramaReinara,1589328150,0,1,,t5_1zqfgn,[NEW SERIES] A Strong Lady After Reincarnation
101,habanerotambourine,1589328016,9,1,Does a series exists that explores 2 or more people waking up as different characters from the otome?  Preferably if they knew each other in their prior world.,t5_1zqfgn,Any series with multiple people sent to the same otome isekai?
102,Feristine,1589395226,2,1,Where can I join the willow discord?,t5_1zqfgn,Discord
103,Rii-,1589373889,5,1,"I'm looking for a series that I stumbled on a few weeks ago but unfortunately forgot to save. I'm almost sure it was a Manga. The MC had reincarnated/transmigrated in the form of a little girl, she ended up on the villain's stairs and he took her in. She became his maid. I'm pretty sure the villain was a demon king who had a half beast half undead body. 

Honestly I've read so many series at this point they kind of run together. Thanks to anyone knows which one I'm remembering!",t5_1zqfgn,Searching For A Series Name
104,FellowOfHorses,1589394410,21,1,I even went to r/otomegames and browsed through the top posts to learn a little bit more. Never played otoge and I really don't intent to. I never really liked shoujo anime/manga either. But I like these power fantasies. I feel they are more realistic character wise than most Isekai. I also like the harems are more slowly built and each lead usually have a role outside being a harem member,t5_1zqfgn,DAE don't play Otome games but still loves these series?
105,FellowOfHorses,1589470611,3,3,,t5_1zqfgn,[new chapter] - Death Is The Only Ending For The Villainess - Chapter 10
106,[deleted],1589483428,0,1,[deleted],t5_1zqfgn,Which villainess story came first?
107,James-Sylar,1589434193,13,1,"Some otome isekais have the reincarnated one remember their previous lives when they were kids, and trying to change everything from that point to avoid the event where they are called out for being a bully, and exiled or killed, while others have them remember just at that point, having to deal with the mistakes her other self did. We can see the differences in the Hamefura OG story and its spinoff (Except they more or less go in the same direction after that, but I digress). 

Well, this manga seems to wants to have their cake, and eat it too. The villainess remembers who she was right at the event where she would have been exiled, but thanks to her memories she is able to get into a more favorable ""punishment"". That's the second route, the adult timeline, the hard mode. Except she has a maid that loves her. We'll that's fine, I mean, even a villainess might have one or two people who love her and think she is a good person. Except it is not just her, she suddenly has more and more allies. There are like five characters introduced that are loyal to her to their deaths, she maxed our their social links (tm). And then they met up with another one, and in the chapter I'm reading, there is yet another one, a chef. 

They are all mentioned to be orphans who she picked up. She met ALL of them before she got her memories back, when she was the villainess, spoiled noble daughter, no modern japan salarywoman influencing her at all. And granted, it is possible she was a nice person, a saint even, and being branded as a villainess was all situation. Who wouldn't bully a girl who is stealing your man, right gurlz? Ugh, I feel dirty...

My point is that, they skipped the part of the reincarnated one making bonds when she was a kid, but still made them happen ""off-screen"". Once again going with the Bakatarina example, it is like if the spin-off happened, but she was still friends with Sophia and Marie and everyone else, something that only happened because she acted different from her villainess role. 

I don't think it is a bad reading though, it has lots of chapters and it is moderately entertaining, but it was bothering me, and I feel that whenever she needs something, a new character will pop up and she'll say, ""oh, that's just another orphan I picked up and trained for this specific task, I have 200 more."" Rant off.",t5_1zqfgn,"I'm reading ""Koushaku Reijou no Tashinami"" and it has something that is bothering me."
108,FellowOfHorses,1589464057,7,1,,t5_1zqfgn,[new chapter] - Virtues of the Villainess - Chapter 14
109,corruptbytes,1589571456,3,3,Is there any series where the princes/heroine dies and is resurrected into modern day society? Sweetheart is an example I would assume,t5_1zqfgn,isekai into the future series?
110,myumyudan-1996,1589501569,24,2,I recently got back into digital drawing this month (with the quarantines and social distancing going on) and I wanted to do this challenge as a way to practice...I‚Äôve also been reading otome isekai recently so why not make this the topic of the challenge? Suggest some characters from your favourite otome isekais! I will post the drawings in this subreddit once I finish it üòä,t5_1zqfgn,Give me 6 characters to make fanart challenge: Otome Isekai version!
111,FellowOfHorses,1589551407,10,1,,t5_1zqfgn,[new chapter] - Death Is The Only Ending For The Villainess - Chapters 11-12
112,tahlyn,1589584818,2,1,,t5_1zqfgn,[New Chapter] - The Evil Lady's Hero - Chapter 12
113,tahlyn,1589584800,0,1,,t5_1zqfgn,[New Chapter] - The Great Wish - Chapter 16
